Date,Close,High,Low,Open,Volume
2015-01-01,310.35,310.35,310.35,310.35,0
2015-01-02,308.52,314.75,306.9601,312.5,2788101
2015-01-05,302.19,308.38,300.85,307.02,2774231
2015-01-06,295.29,303.0,292.38,302.2,3519034
2015-01-07,298.42,301.28,295.33,297.54,2640349
2015-01-08,300.46,303.14,296.11,300.59,3088398
2015-01-09,296.93,302.87,296.68,301.5,2592360
2015-01-12,291.41,298.51,289.281,297.96,3421392
2015-01-13,294.74,301.4976,293.23,297.48,4136441
2015-01-14,293.27,295.91,286.503,291.93,5538666
2015-01-15,286.95,295.9995,286.815,294.0,4419196
2015-01-16,290.74,290.79,285.25,286.15,3478176
2015-01-19,290.74,290.74,290.74,290.74,0
2015-01-20,289.44,293.3599,286.39,292.59,3075081
2015-01-21,297.25,306.0,287.26,289.64,10065076
2015-01-22,310.32,312.25,300.0,300.0,5362640
2015-01-23,312.39,316.93,307.72,308.08,4496419
2015-01-26,309.66,313.0,307.5201,312.0,3169665
2015-01-27,306.75,310.243,302.625,306.3,2920315
2015-01-28,303.91,311.51,303.8,309.5,3063774
2015-01-29,311.78,312.8,299.33,304.73,8656567
2015-01-30,354.53,359.5,340.74,346.32,23856060
2015-02-02,364.47,365.0,350.01,350.05,10231914
2015-02-03,363.55,367.817,360.21,360.29,6212565
2015-02-04,364.75,367.5,358.23,358.38,4169927
2015-02-05,373.89,378.8,365.9,366.0,7247605
2015-02-06,374.28,375.9899,371.01,374.87,3892382
2015-02-09,370.56,374.41,367.2,371.0,2724630
2015-02-10,372.995,374.3,368.51,371.19,2287232
2015-02-11,375.14,377.1,371.1,371.23,2786523
2015-02-12,377.17,378.51,373.15,375.0,2791050
2015-02-13,381.83,383.0,377.01,378.31,3475069
2015-02-16,381.83,381.83,381.83,381.83,0
2015-02-17,375.43,379.985,372.67,378.83,3673208
2015-02-18,373.37,376.74,372.85,373.78,2650610
2015-02-19,378.995,381.88,373.43,373.43,2953752
2015-02-20,383.66,383.7,375.84,378.61,3258023
2015-02-23,380.14,384.54,378.0,383.37,2176989
2015-02-24,378.59,380.48,376.16,378.64,1921850
2015-02-25,385.37,387.85,376.54,377.0,3174495
2015-02-26,384.8,389.37,383.28,384.07,2687107
2015-02-27,380.16,385.99,379.79,384.0,2532309
2015-03-02,385.655,385.9,379.481,380.85,2139205
2015-03-03,384.61,386.1,381.601,383.95,1946498
2015-03-04,382.72,387.9,382.19,385.71,2259141
2015-03-05,387.83,388.4182,383.89,385.5,2693518
2015-03-06,380.09,387.0,378.88,385.68,2627042
2015-03-09,378.56,379.33,375.28,378.4,2311390
2015-03-10,369.51,377.77,369.18,377.19,3120972
2015-03-11,366.37,373.35,366.26,370.5,2495097
2015-03-12,374.24,375.5,367.52,368.82,2810001
2015-03-13,370.58,373.99,366.68,371.67,2611658
2015-03-16,373.35,373.94,366.72,370.5,2354059
2015-03-17,371.92,374.5,369.64,371.11,2036960
2015-03-18,375.135,375.99,366.7,369.97,2654135
2015-03-19,373.24,377.11,372.19,374.16,1915671
2015-03-20,378.49,379.37,375.92,376.1,3763553
2015-03-23,375.11,381.77,374.94,378.07,2239343
2015-03-24,374.09,375.24,372.27,374.01,2228214
2015-03-25,370.96,380.5,370.285,375.55,3429497
2015-03-26,367.35,371.4,365.65,369.0,2929962
2015-03-27,370.56,373.17,366.5734,367.0,2609774
2015-03-30,374.59,376.12,371.55,367.0,1820933
2015-03-31,372.1,377.7,371.51,373.09,2506122
2015-04-01,370.255,373.16,368.34,372.1,2458095
2015-04-02,372.25,373.28,369.0,370.04,1875279
2015-04-03,372.25,372.25,372.25,372.25,0
2015-04-06,377.04,380.2,369.36,370.12,3050709
2015-04-07,374.41,379.31,374.03,376.07,1954902
2015-04-08,381.2,381.58,374.65,374.66,2636434
2015-04-09,383.54,384.42,378.795,380.74,2392328
2015-04-10,382.65,387.12,381.3151,384.26,2573519
2015-04-13,382.36,385.28,380.14,383.53,1894453
2015-04-14,385.11,387.81,381.2101,383.48,2583575
2015-04-15,383.45,385.78,381.64,384.95,1933229
2015-04-16,386.04,387.45,383.55,383.69,2080417
2015-04-17,375.56,383.56,374.4,382.51,3839664
2015-04-20,389.51,391.94,377.0,378.55,5016148
2015-04-21,391.18,394.6,386.8,391.0,4643524
2015-04-22,389.8,394.28,388.0,391.98,3474724
2015-04-23,389.99,391.88,386.15,390.21,7979985
2015-04-24,445.1,452.65,439.0,439.0,17176904
2015-04-27,438.56,446.99,437.41,443.9025,5430949
2015-04-28,429.31,439.0,428.04,438.51,4140482
2015-04-29,429.37,434.24,426.03,426.76,3621688
2015-04-30,421.78,431.75,419.24,427.15,3647877
2015-05-01,422.87,425.64,416.0,424.0,3565824
2015-05-04,423.04,429.77,422.42,424.8,2270448
2015-05-05,421.19,427.51,421.02,422.85,2856386
2015-05-06,419.1,422.7165,414.55,421.92,2552474
2015-05-07,426.88,428.5,422.85,423.96,2766132
2015-05-08,433.69,435.2,430.174,430.75,2908838
2015-05-11,432.85,439.0,431.37,432.51,2393737
2015-05-12,431.02,433.25,426.71,431.01,1947822
2015-05-13,426.87,433.528,425.8,429.58,1996328
2015-05-14,432.28,433.0,427.01,429.26,1888477
2015-05-15,426.0,430.3962,424.3,428.0,4240306
2015-05-18,425.24,427.27,421.46,425.77,2390229
2015-05-19,421.71,428.24,420.63,424.94,2465240
2015-05-20,423.86,427.1,418.36,420.69,2196159
2015-05-21,431.63,436.9,428.0,428.0,4121400
2015-05-22,427.63,432.44,427.61,431.55,2020629
2015-05-25,427.63,427.63,427.63,427.63,0
2015-05-26,425.47,427.0,422.0,426.4,2244185
2015-05-27,431.42,431.85,425.01,427.63,2231088
2015-05-28,426.57,431.35,425.47,429.71,1912436
2015-05-29,429.23,432.5,427.23,427.31,3016060
2015-06-01,430.92,433.16,426.2,430.41,2253264
2015-06-02,430.99,433.23,426.25,430.0,1669845
2015-06-03,436.59,438.39,432.75,434.4,2727914
2015-06-04,430.78,436.755,429.26,434.4,2510761
2015-06-05,426.95,430.8,426.5,429.46,1907855
2015-06-08,423.5,426.8,421.425,425.63,2172525
2015-06-09,425.48,427.49,419.14,422.46,2288663
2015-06-10,430.77,432.2,425.66,426.46,2172333
2015-06-11,432.97,438.89,431.47,432.29,2922459
2015-06-12,429.92,432.36,428.26,431.025,2054385
2015-06-15,423.67,428.05,422.64,427.66,2050987
2015-06-16,427.26,427.97,422.67,423.615,2297469
2015-06-17,427.81,431.35,424.753,428.36,2185869
2015-06-18,439.39,439.73,429.405,430.37,3378360
2015-06-19,434.92,444.99,433.24,440.39,4495087
2015-06-22,436.29,439.24,434.18,437.0,1823572
2015-06-23,445.99,447.04,433.69,435.58,3245049
2015-06-24,440.84,446.47,440.23,444.99,2620827
2015-06-25,440.1,443.47,436.39,438.24,2237458
2015-06-26,438.1,443.49,435.06,442.19,2624479
2015-06-29,429.86,437.0,429.0,434.82,2753193
2015-06-30,434.09,435.57,430.46,434.21,2596873
2015-07-01,437.39,440.0,435.58,439.07,1987076
2015-07-02,437.71,438.2,433.48,437.31,1343397
2015-07-03,437.71,437.71,437.71,437.71,0
2015-07-06,436.04,439.73,433.52,435.23,1903161
2015-07-07,436.72,437.73,425.57,435.68,3454248
2015-07-08,429.7,435.99,428.83,434.35,2383130
2015-07-09,434.39,438.72,434.15,434.9,2271395
2015-07-10,443.51,444.72,439.0,440.49,2400981
2015-07-13,455.57,457.87,447.54,448.29,3956802
2015-07-14,465.57,469.6,458.16,462.32,4736215
2015-07-15,461.19,464.7,460.2,463.04,2987399
2015-07-16,475.48,475.88,464.8,465.5,4095581
2015-07-17,483.01,485.42,477.25,477.7,4932176
2015-07-20,488.1,493.2,485.4,492.57,4752491
2015-07-21,488.0,488.88,482.55,487.9,3181831
2015-07-22,488.27,492.5,484.9,485.99,3114898
2015-07-23,482.18,491.66,475.7,491.66,9374431
2015-07-24,529.42,580.57,529.35,578.99,21909381
2015-07-27,531.41,544.95,526.6,527.75,7490960
2015-07-28,526.03,536.39,523.12,536.0,5273092
2015-07-29,529.0,532.9655,525.02,530.92,3752634
2015-07-30,536.76,539.2,524.29,527.65,3743065
2015-07-31,536.15,542.84,534.5201,539.09,3025598
2015-08-03,535.03,540.44,529.36,537.45,3014236
2015-08-04,531.9,536.95,529.163,529.69,2934590
2015-08-05,537.01,539.14,534.119,538.8,2889350
2015-08-06,529.46,542.74,527.52,539.3,3820453
2015-08-07,522.62,529.4599,518.21,529.16,3969215
2015-08-10,524.0,532.2764,523.0,528.52,2615926
2015-08-11,527.46,528.98,522.0,523.65,2676600
2015-08-12,525.91,527.5,513.06,523.75,4014684
2015-08-13,529.66,534.66,525.4846,527.37,2895238
2015-08-14,531.52,534.11,528.25,528.25,1994799
2015-08-17,535.22,538.74,527.12,531.29,2581680
2015-08-18,535.02,539.49,533.0,535.04,2071342
2015-08-19,532.92,537.25,529.0,533.74,2324040
2015-08-20,515.78,533.25,515.77,530.39,4407990
2015-08-21,494.47,512.33,494.47,507.36,6706466
2015-08-24,463.37,489.76,451.0,463.58,10097601
2015-08-25,466.37,489.44,466.25,487.49,5679329
2015-08-26,500.77,503.72,478.76,484.02,6358639
2015-08-27,518.37,522.69,507.261,513.71,6114506
2015-08-28,518.01,521.5,513.04,517.5,2746708
2015-08-31,512.89,519.41,509.07,516.44,3002293
2015-09-01,496.54,510.0,493.43,499.14,3864514
2015-09-02,510.55,510.86,497.72,505.09,3707116
2015-09-03,504.72,515.84,502.57,514.5,3149694
2015-09-04,499.0,502.85,495.64,497.65,2692510
2015-09-07,499.0,499.0,499.0,499.0,0
2015-09-08,517.54,518.35,508.5144,508.69,3810653
2015-09-09,516.89,529.95,515.06,524.0,4370657
2015-09-10,522.24,526.13,514.78,515.15,2575982
2015-09-11,529.44,529.44,520.605,521.07,3227862
2015-09-14,521.38,532.45,518.58,529.44,3130241
2015-09-15,522.37,527.92,517.2,523.25,2865933
2015-09-16,527.39,528.3,518.52,521.98,2252790
2015-09-17,538.87,546.97,526.57,526.98,4169483
2015-09-18,540.26,546.237,531.35,534.62,6160075
2015-09-21,548.39,549.78,539.59,544.33,3283313
2015-09-22,538.4,543.55,532.66,539.71,3841748
2015-09-23,536.07,541.21,534.0,538.3,2237571
2015-09-24,533.75,534.56,522.87,530.55,3500964
2015-09-25,524.25,542.8,521.4,542.57,4030998
2015-09-28,504.06,520.28,494.3337,520.02,5434532
2015-09-29,496.07,511.48,490.5,506.0,4457532
2015-09-30,511.89,512.8,501.6724,505.44,4004680
2015-10-01,520.72,520.8,506.0,511.0,3768483
2015-10-02,532.54,532.6,508.1,512.99,4597795
2015-10-05,543.68,545.91,536.0,536.99,3391359
2015-10-06,537.48,551.5,533.33,545.5,4547519
2015-10-07,541.94,542.0,529.0,541.79,3812087
2015-10-08,533.16,539.386,519.89,536.71,4676440
2015-10-09,539.8,541.79,530.27,534.48,3537364
2015-10-12,550.19,550.82,539.8,539.96,2776103
2015-10-13,548.9,553.2,543.1,546.26,2938044
2015-10-14,544.83,552.25,539.68,551.34,3582060
2015-10-15,562.44,563.0,547.0,547.75,4937034
2015-10-16,570.76,570.94,560.31,565.27,4315792
2015-10-19,573.15,579.0,567.38,570.76,4375420
2015-10-20,560.88,573.0,555.28,572.0,4346209
2015-10-21,555.77,565.25,552.52,563.87,3361655
2015-10-22,563.91,569.146,556.67,562.7,7779372
2015-10-23,599.03,619.45,595.36,617.68,10692667
2015-10-26,608.61,609.85,596.29,602.3,4269715
2015-10-27,611.01,614.71,605.53,608.6,3787136
2015-10-28,617.1,617.23,609.5,612.3,3926200
2015-10-29,626.55,627.54,615.39,617.7,3896026
2015-10-30,625.9,630.72,625.28,626.01,3874363
2015-11-02,628.35,628.63,620.41,627.13,2816479
2015-11-03,625.31,629.89,622.0,629.53,3246910
2015-11-04,640.95,645.93,627.35,627.76,4840501
2015-11-05,655.65,657.0,643.0901,647.1,4723825
2015-11-06,659.37,662.26,652.0,655.0,4092164
2015-11-09,655.49,661.955,647.8477,658.65,4048822
2015-11-10,659.68,660.0,647.262,651.01,3489483
2015-11-11,673.25,675.96,663.25,663.25,5387309
2015-11-12,665.6,675.64,664.22,673.0,4284678
2015-11-13,642.35,667.0,640.45,663.57,6261076
2015-11-16,647.81,649.99,622.29,640.92,7435934
2015-11-17,643.3,653.25,641.0,650.65,4320177
2015-11-18,663.54,664.88,646.37,646.51,4469769
2015-11-19,661.27,672.86,659.0,664.99,4705237
2015-11-20,668.45,668.87,657.57,667.94,3896135
2015-11-23,678.99,682.77,668.45,671.5,4385057
2015-11-24,671.15,675.8,661.2125,674.14,4543417
2015-11-25,675.34,679.7,671.24,675.0,2697889
2015-11-26,675.34,675.34,675.34,675.34,0
2015-11-27,673.26,680.99,672.1,680.8,1966801
2015-11-30,664.8,681.29,664.6,675.9,5693172
2015-12-01,679.06,681.0,667.86,673.75,4751152
2015-12-02,676.01,684.82,674.25,681.0,4273526
2015-12-03,666.25,682.79,661.48,679.44,5064736
2015-12-04,672.64,674.775,661.4,666.0,4534796
2015-12-07,669.83,675.46,660.5,674.74,3732814
2015-12-08,677.33,679.99,659.79,663.13,3651908
2015-12-09,664.79,679.0,655.68,678.0,5158172
2015-12-10,662.32,668.526,659.56,665.59,3455472
2015-12-11,640.15,657.88,639.62,651.23,5474420
2015-12-14,657.91,658.585,635.27,641.75,4361273
2015-12-15,658.64,671.5,657.35,665.03,4753415
2015-12-16,675.77,677.35,659.32,663.56,3964470
2015-12-17,670.65,682.5,670.65,680.0,3681645
2015-12-18,664.14,676.84,664.13,668.65,6841304
2015-12-21,664.51,669.9,658.93,668.5,3250900
2015-12-22,663.15,668.49,659.26,666.83,2667795
2015-12-23,663.7,666.597,656.63,666.5,2722922
2015-12-24,662.79,664.68,660.6,663.35,1092970
2015-12-25,662.79,662.79,662.79,662.79,0
2015-12-28,675.2,675.5,665.5,665.56,3783555
2015-12-29,693.97,696.44,677.8893,677.98,5734996
2015-12-30,689.07,695.49,686.375,691.89,3519003
2015-12-31,675.89,687.75,675.89,686.08,3749560
2016-01-01,675.89,675.89,675.89,675.89,0
2016-01-04,636.99,657.715,627.51,656.29,9314519
2016-01-05,633.79,646.91,627.65,646.86,5822603
2016-01-06,632.65,639.79,620.31,622.0,5329197
2016-01-07,607.94,630.0,605.21,621.8,7074915
2016-01-08,607.05,624.14,606.0,619.66,5512915
2016-01-11,617.74,619.85,598.57,612.48,4891551
2016-01-12,617.89,625.99,612.2415,625.25,4724100
2016-01-13,581.81,620.88,579.16,620.88,7655239
2016-01-14,593.0,602.25,569.88,580.25,7237978
2016-01-15,570.18,584.62,565.3,572.24,7784523
2016-01-18,570.18,570.18,570.18,570.18,0
2016-01-19,574.48,584.0,566.45,577.09,4807165
2016-01-20,571.77,578.45,547.18,564.36,7966406
2016-01-21,575.02,588.81,568.22,573.58,4952217
2016-01-22,596.38,600.1,584.1079,588.73,5120144
2016-01-25,596.53,608.5,594.56,597.99,4396079
2016-01-26,601.25,604.5,590.38,603.45,3765655
2016-01-27,583.35,603.39,578.78,601.99,5152853
2016-01-28,635.35,638.06,597.55,608.37,14015171
2016-01-29,587.0,593.0,570.0,571.98,14677550
2016-02-01,574.81,581.8,570.31,578.15,6355123
2016-02-02,552.1,571.56,550.09,570.0,6312045
2016-02-03,531.07,556.0,521.9,553.5,10048709
2016-02-04,536.26,538.99,519.2201,525.0,6199070
2016-02-05,502.13,529.45,499.19,529.28,9708929
2016-02-08,488.1,493.5,475.21,486.47,9825509
2016-02-09,482.07,498.38,474.0,478.01,7077915
2016-02-10,490.48,504.66,486.0,491.76,6786181
2016-02-11,503.82,509.3,484.0,491.17,7397393
2016-02-12,507.08,516.75,501.4932,510.7,5384787
2016-02-15,507.08,507.08,507.08,507.08,0
2016-02-16,521.1,524.45,511.66,519.48,5118500
2016-02-17,534.1,537.48,519.39,528.74,4824002
2016-02-18,525.0,541.2,523.73,541.19,4735008
2016-02-19,534.9,535.95,515.35,520.71,4974717
2016-02-22,559.5,560.65,541.08,542.2,5566553
2016-02-23,552.94,556.91,545.33,555.55,4050790
2016-02-24,554.04,554.27,533.1501,545.75,6231668
2016-02-25,555.15,559.39,545.2946,555.52,4525463
2016-02-26,555.23,562.5,553.17,560.12,4877039
2016-02-29,552.52,564.81,552.51,554.0,4145396
2016-03-01,579.04,579.25,556.0,556.29,5038452
2016-03-02,580.21,585.0,573.7,581.75,4582170
2016-03-03,577.49,579.866,573.11,577.96,2741292
2016-03-04,575.14,581.4,571.065,581.07,3416545
2016-03-07,562.8,573.63,555.55,573.54,4932527
2016-03-08,560.26,571.35,554.74,557.87,4729952
2016-03-09,559.47,560.35,550.125,559.56,4377283
2016-03-10,558.93,567.0,547.9,566.74,3919892
2016-03-11,569.61,570.06,562.73,566.95,3771310
2016-03-14,573.37,576.89,563.05,567.0,3454152
2016-03-15,577.02,581.52,567.0,571.0,3876821
2016-03-16,574.27,581.32,571.14,576.64,3537669
2016-03-17,559.44,571.4,555.01,569.51,5928105
2016-03-18,552.08,562.33,546.09,560.94,7296885
2016-03-21,553.98,555.24,538.58,548.91,5155732
2016-03-22,560.48,562.76,545.05,545.11,4000564
2016-03-23,569.63,572.48,558.1,561.0,3983720
2016-03-24,582.95,583.55,567.08,567.11,5185539
2016-03-25,582.95,582.95,582.95,582.95,0
2016-03-28,579.87,584.75,575.56,584.4,3121522
2016-03-29,593.86,595.85,576.5,580.15,4392567
2016-03-30,598.69,603.24,595.0,596.71,3890461
2016-03-31,593.64,600.75,592.21,599.28,2681811
2016-04-01,598.5,599.03,588.3,590.49,2917386
2016-04-04,593.19,599.5,590.55,599.0,2470825
2016-04-05,586.14,593.47,585.25,590.77,2308884
2016-04-06,602.08,602.39,587.5,587.52,2849909
2016-04-07,591.43,599.6,589.08,598.76,3189037
2016-04-08,594.6,597.86,589.0,594.32,2591936
2016-04-11,595.93,604.0,594.91,596.14,2704267
2016-04-12,603.17,604.06,592.31,598.4,2641062
2016-04-13,614.82,616.81,605.29,607.68,4228349
2016-04-14,620.75,624.38,615.07,615.07,3512136
2016-04-15,625.89,626.77,618.11,621.92,2887681
2016-04-18,635.35,637.64,624.9603,625.35,4360883
2016-04-19,627.9,638.01,620.8,637.14,4055869
2016-04-20,632.99,636.55,623.0,630.0,2609425
2016-04-21,631.0,637.82,628.5,631.0,2596298
2016-04-22,620.5,628.25,611.56,624.47,5083904
2016-04-25,626.2,626.98,616.2511,616.61,2682924
2016-04-26,616.88,626.7549,614.88,626.17,2521433
2016-04-27,606.57,615.95,601.28,611.8,4068767
2016-04-28,602.0,626.8,599.2,615.54,7872605
2016-04-29,659.59,669.98,654.0,666.0,10310739
2016-05-02,683.85,685.5,662.0251,663.92,6578517
2016-05-03,671.32,680.3,670.43,677.36,4923351
2016-05-04,670.9,674.0,662.14,662.59,4635462
2016-05-05,659.09,676.49,656.0,673.31,4884114
2016-05-06,673.95,676.95,656.01,656.05,4365345
2016-05-09,679.75,686.98,671.41,673.95,3982161
2016-05-10,703.07,704.55,693.5,694.0,6105570
2016-05-11,713.23,719.0,701.65,705.79,7338196
2016-05-12,717.93,722.45,711.51,717.38,5048150
2016-05-13,709.92,719.25,706.51,714.64,4763419
2016-05-16,710.66,713.25,700.28,710.13,5432920
2016-05-17,695.27,714.47,693.91,709.9,5121357
2016-05-18,697.45,702.5399,688.76,689.56,4283189
2016-05-19,698.52,699.4,689.56,691.88,3025566
2016-05-20,702.8,707.24,700.0,701.05,2916165
2016-05-23,696.75,706.0,696.42,704.25,2595082
2016-05-24,704.2,707.5,698.0,698.01,3033782
2016-05-25,708.35,710.86,705.5159,708.0,3276631
2016-05-26,714.91,715.0,707.293,708.33,2446681
2016-05-27,712.24,716.6,711.1,715.0,2249164
2016-05-30,712.24,712.24,712.24,712.24,0
2016-05-31,722.79,724.23,711.32,712.33,3618323
2016-06-01,719.44,726.43,718.22,720.9,3263107
2016-06-02,728.24,728.28,715.5001,720.97,3026583
2016-06-03,725.54,727.0,718.43,726.74,3367306
2016-06-06,726.73,731.5,724.42,726.5,2704806
2016-06-07,723.74,730.0,720.55,729.89,2732463
2016-06-08,726.64,729.42,721.6,726.4,2223366
2016-06-09,727.65,728.91,722.3,723.1,2170318
2016-06-10,717.91,724.98,714.21,722.35,3425718
2016-06-13,715.24,721.99,711.16,714.01,3352201
2016-06-14,719.3,720.805,712.27,712.33,2506922
2016-06-15,714.26,722.56,713.3522,722.0,2709447
2016-06-16,717.51,718.0,705.3,712.05,3097961
2016-06-17,706.39,718.2,699.18,718.19,5897788
2016-06-20,714.01,721.31,710.81,713.5,3677162
2016-06-21,715.82,718.4,712.721,715.72,2137534
2016-06-22,710.6,717.0,707.565,716.58,2260454
2016-06-23,722.08,722.12,712.5,715.5,2824974
2016-06-24,698.96,712.5292,692.2,693.0,7632511
2016-06-27,691.36,696.8189,682.115,692.01,5584037
2016-06-28,707.95,708.0,698.1714,700.0,4036957
2016-06-29,715.6,719.5,713.54,715.75,3070052
2016-06-30,715.62,719.37,712.54,717.2,2855142
2016-07-01,725.68,728.0,716.54,717.32,2920423
2016-07-04,725.68,725.68,725.68,725.68,0
2016-07-05,728.1,728.11,719.61,722.8,2431431
2016-07-06,737.61,737.77,722.58,725.71,3938249
2016-07-07,736.57,739.55,731.63,739.33,2945783
2016-07-08,745.81,746.1,738.0,740.14,3429217
2016-07-11,753.78,755.9,747.0,750.0,3195272
2016-07-12,748.21,757.34,740.33,756.86,5623657
2016-07-13,742.63,756.87,741.25,746.76,4142265
2016-07-14,741.2,749.04,739.02,748.86,2390472
2016-07-15,735.44,746.55,734.05,746.55,3121385
2016-07-18,736.07,741.5954,728.72,735.49,2954914
2016-07-19,739.95,743.33,732.31,732.5,2216820
2016-07-20,745.72,746.25,740.7,744.0,2214023
2016-07-21,744.43,749.36,742.7918,747.5,2317072
2016-07-22,744.86,751.28,743.53,747.79,2277711
2016-07-25,739.61,748.5,735.35,746.55,2679290
2016-07-26,735.59,743.13,732.7525,742.71,2529692
2016-07-27,736.67,740.94,733.86,737.97,2913134
2016-07-28,752.61,753.36,739.7,745.98,7617580
2016-07-29,758.81,766.0,755.0,765.0,6777050
2016-08-01,767.74,770.5,757.06,759.87,3578205
2016-08-02,760.58,765.01,757.02,763.81,3603280
2016-08-03,754.64,758.89,752.25,757.06,3581525
2016-08-04,760.77,765.0,750.35,753.7,3178208
2016-08-05,765.98,768.47,763.09,764.81,2704391
2016-08-08,766.56,767.0,761.015,766.81,1986272
2016-08-09,768.31,772.6,766.9,767.39,1876091
2016-08-10,768.56,772.1,766.19,769.8,1604280
2016-08-11,771.24,773.75,769.12,769.94,2019740
2016-08-12,772.56,773.15,768.4225,768.46,1563318
2016-08-15,768.49,772.04,767.71,771.9,2118521
2016-08-16,764.04,768.7317,763.82,768.62,1604561
2016-08-17,764.63,765.22,759.199,764.41,1891116
2016-08-18,764.46,765.17,760.6,764.0,1458834
2016-08-19,757.31,762.49,756.89,761.9,2343237
2016-08-22,759.48,759.85,752.1,757.5,1679251
2016-08-23,762.45,764.7,761.0,763.31,1524131
2016-08-24,757.25,763.41,755.36,763.0,1744107
2016-08-25,759.22,760.56,754.741,756.0,1622992
2016-08-26,769.0,770.0,759.795,760.05,2776830
2016-08-29,771.29,774.98,768.6,768.72,2198560
2016-08-30,767.58,771.8358,765.56,771.05,1709158
2016-08-31,769.16,769.64,764.0,766.6,1633789
2016-09-01,770.62,772.04,766.75,770.9,1792271
2016-09-02,772.44,776.0,771.7,774.11,2181792
2016-09-05,772.44,772.44,772.44,772.44,0
2016-09-06,788.87,789.48,770.22,774.04,3719788
2016-09-07,784.48,790.79,784.33,789.53,2424622
2016-09-08,784.06,786.5,781.44,783.89,2030511
2016-09-09,760.14,781.0,760.11,779.36,4257344
2016-09-12,771.49,772.66,756.0,757.35,3124704
2016-09-13,761.01,769.89,759.05,768.77,3117224
2016-09-14,761.09,767.5,758.85,762.2,2531822
2016-09-15,769.69,770.87,757.58,762.0,3043534
2016-09-16,778.52,780.46,771.66,773.28,5499182
2016-09-19,775.1,781.94,771.0,779.97,2297221
2016-09-20,780.22,781.37,776.0,776.0,1937164
2016-09-21,789.74,790.69,779.01,783.25,2718644
2016-09-22,804.7,805.889,794.27,794.27,4078909
2016-09-23,805.75,807.75,802.12,803.13,2353511
2016-09-26,799.16,805.93,797.145,801.8,2651397
2016-09-27,816.11,816.64,801.11,801.85,3819600
2016-09-28,828.72,830.14,817.0337,818.0,4422078
2016-09-29,829.05,837.5,824.63,828.26,4922248
2016-09-30,837.31,839.95,832.4,832.61,4430566
2016-10-03,836.74,839.86,831.25,836.0,2769448
2016-10-04,834.03,842.365,830.26,840.91,2950314
2016-10-05,844.36,845.67,836.12,838.0,3469055
2016-10-06,841.66,847.21,840.6,843.7,2684013
2016-10-07,839.43,845.95,837.45,845.79,2426228
2016-10-10,841.71,845.2,840.27,843.25,1827143
2016-10-11,831.0,841.29,828.35,841.02,3588180
2016-10-12,834.09,837.666,830.1,834.0,2380416
2016-10-13,829.28,831.8,821.21,829.0,3091387
2016-10-14,822.96,835.74,822.96,835.08,2999814
2016-10-17,812.95,822.0,811.68,821.5,3361492
2016-10-18,817.65,823.26,815.02,822.11,2512504
2016-10-19,817.69,820.67,815.17,820.4,2090706
2016-10-20,810.32,815.71,803.1,813.99,3151954
2016-10-21,818.99,819.42,809.0,809.36,2793015
2016-10-24,838.09,838.3,822.21,824.95,4060899
2016-10-25,835.18,843.09,833.22,839.3,3248358
2016-10-26,822.59,833.44,820.0,832.76,3998102
2016-10-27,818.36,831.72,815.43,831.24,7406385
2016-10-28,776.32,789.49,774.61,782.0,10841073
2016-10-31,789.82,793.7,780.11,781.03,5413326
2016-11-01,785.41,800.84,776.713,799.0,5305428
2016-11-02,765.56,784.75,763.55,783.93,5026504
2016-11-03,767.03,777.0,764.0,765.05,3872496
2016-11-04,755.05,766.0,753.2301,762.79,5122103
2016-11-07,784.93,787.732,770.94,771.64,5984354
2016-11-08,787.75,791.7399,779.1,784.97,3412629
2016-11-09,771.88,777.5,760.09,764.0,8562892
2016-11-10,742.38,778.83,717.7,778.81,12746994
2016-11-11,739.01,743.26,728.9,735.73,6622784
2016-11-14,719.07,746.0,710.1,745.51,7321344
2016-11-15,743.24,746.78,725.99,730.0,6755785
2016-11-16,746.49,749.87,735.61,739.88,3648791
2016-11-17,756.4,757.5,748.0,749.32,3690112
2016-11-18,760.16,767.74,757.6435,761.0,4373408
2016-11-21,780.0,780.35,765.11,766.0,4614574
2016-11-22,785.33,792.4,781.0,788.17,5311320
2016-11-23,780.12,781.75,773.12,781.73,3540263
2016-11-24,780.12,780.12,780.12,780.12,0
2016-11-25,780.37,786.75,777.9,786.5,1837068
2016-11-28,766.77,777.0,764.24,776.99,4438828
2016-11-29,762.52,769.89,761.32,768.0,3272344
2016-11-30,750.57,768.09,750.25,762.0,4625946
2016-12-01,743.65,753.37,738.03,752.41,4665993
2016-12-02,740.34,748.4903,736.7,743.4,3561307
2016-12-05,759.36,761.49,742.0,745.0,4314723
2016-12-06,764.72,768.24,757.25,763.99,3794746
2016-12-07,770.42,770.42,755.82,764.55,3684906
2016-12-08,767.33,773.79,765.19,771.87,3189608
2016-12-09,768.66,770.25,765.34,770.0,2470923
2016-12-12,760.12,766.89,757.2,766.4,2963945
2016-12-13,774.34,782.46,762.0,764.96,5285288
2016-12-14,768.82,780.86,762.81,778.25,5454836
2016-12-15,761.0,769.1,760.31,766.28,3801927
2016-12-16,757.77,765.13,754.0,765.0,4848219
2016-12-19,766.0,770.5,756.16,758.89,3113240
2016-12-20,771.22,774.39,767.71,768.65,2703629
2016-12-21,770.6,771.22,765.7,770.0,2044629
2016-12-22,766.34,771.21,763.02,768.12,2543551
2016-12-23,760.59,766.5,757.99,764.55,1981616
2016-12-26,760.59,760.59,760.59,760.59,0
2016-12-27,771.4,774.65,761.2,763.4,2638725
2016-12-28,772.13,780.0,770.5,776.25,3301025
2016-12-29,765.15,773.4,760.85,772.4,3158299
2016-12-30,749.87,767.3999,748.28,766.47,4139449
2017-01-02,749.87,749.87,749.87,749.87,0
2017-01-03,753.67,758.7595,747.7,757.92,3521066
2017-01-04,757.18,759.68,754.2,758.39,2510526
2017-01-05,780.45,782.3999,760.2557,761.55,5830068
2017-01-06,795.99,799.44,778.48,782.36,5986234
2017-01-09,796.92,801.7742,791.77,798.0,3446109
2017-01-10,795.9,798.0,789.5434,796.6,2558369
2017-01-11,799.02,799.5,789.51,793.66,2992791
2017-01-12,813.64,814.13,799.5,800.31,4873922
2017-01-13,817.14,821.65,811.4,814.32,3791945
2017-01-16,817.14,817.14,817.14,817.14,0
2017-01-17,809.72,816.0,803.44,815.7,3670529
2017-01-18,807.48,811.73,804.27,809.5,2354201
2017-01-19,809.04,813.51,807.32,810.0,2540784
2017-01-20,808.33,816.02,806.26,815.28,3376196
2017-01-23,817.88,818.5,805.08,806.8,2797474
2017-01-24,822.44,823.99,814.5,822.0,2971740
2017-01-25,836.52,837.4183,825.288,825.79,4023078
2017-01-26,839.15,843.84,833.0,835.53,3586323
2017-01-27,835.77,839.7,829.44,839.0,2998700
2017-01-30,830.38,833.5,816.38,833.0,3747336
2017-01-31,823.48,826.99,819.56,823.75,3137196
2017-02-01,832.35,833.78,824.94,829.21,3850181
2017-02-02,839.95,842.49,828.26,836.59,7350492
2017-02-03,810.2,818.3,804.0,806.72,10868773
2017-02-06,807.64,810.72,803.0,809.8,3897301
2017-02-07,812.5,816.16,807.5,809.31,3466091
2017-02-08,819.71,821.479,812.5,812.69,2857985
2017-02-09,821.36,825.0,819.71,821.6,2484948
2017-02-10,827.46,828.0,822.85,823.82,2429609
2017-02-13,836.53,842.9999,828.55,831.62,4172618
2017-02-14,836.39,838.31,831.4522,837.0,2792442
2017-02-15,842.7,842.81,832.82,834.0,2968853
2017-02-16,844.14,845.0,839.375,841.84,2714667
2017-02-17,845.07,847.27,840.73,842.0,3112275
2017-02-20,845.07,845.07,845.07,845.07,0
2017-02-21,856.44,857.98,847.25,848.84,3507742
2017-02-22,855.61,858.43,852.18,856.95,2616971
2017-02-23,852.19,860.86,848.0,857.57,3461984
2017-02-24,845.24,845.81,837.7501,844.69,3687963
2017-02-27,848.64,852.5,839.67,842.38,2713627
2017-02-28,845.04,854.09,842.05,851.45,2793709
2017-03-01,853.08,854.83,849.01,853.05,2760083
2017-03-02,848.91,854.82,847.28,853.08,2132098
2017-03-03,849.88,851.985,846.27,847.2,1951575
2017-03-06,846.61,848.49,841.12,845.23,2610370
2017-03-07,846.02,848.46,843.75,845.48,2247554
2017-03-08,850.5,853.07,846.79,848.0,2288317
2017-03-09,853.0,856.3999,850.31,851.0,2048187
2017-03-10,852.46,857.35,851.72,857.0,2436434
2017-03-13,854.59,855.69,851.71,853.11,1909672
2017-03-14,852.53,853.75,847.55,853.55,2130586
2017-03-15,852.97,854.45,847.11,854.33,2562176
2017-03-16,853.42,855.5,850.51,855.3,1842296
2017-03-17,852.31,853.83,850.64,853.49,3384403
2017-03-20,856.97,857.8,851.01,851.51,2282727
2017-03-21,843.2,862.795,841.31,858.84,4382852
2017-03-22,848.06,849.37,839.05,840.43,2658669
2017-03-23,847.38,850.89,844.8,848.2,1952964
2017-03-24,845.61,851.8,843.53,851.68,2138269
2017-03-27,846.82,850.3,833.5,838.07,2755775
2017-03-28,856.0,858.46,850.1,851.75,3041633
2017-03-29,874.32,876.438,859.02,859.05,4485770
2017-03-30,876.34,877.06,871.66,874.95,2762730
2017-03-31,886.54,890.35,876.65,877.0,3957612
2017-04-03,891.51,893.49,885.42,888.0,3422328
2017-04-04,906.83,908.5384,890.28,891.5,4984656
2017-04-05,909.28,923.72,905.62,910.82,7508370
2017-04-06,898.28,917.1899,894.4927,913.8,6344065
2017-04-07,894.88,900.09,889.31,899.65,3710922
2017-04-10,907.04,908.51,899.0,899.63,3184301
2017-04-11,902.36,911.24,897.5,907.04,3012743
2017-04-12,896.23,904.09,895.2501,903.09,2456140
2017-04-13,884.67,894.97,884.49,891.45,3174583
2017-04-14,884.67,884.67,884.67,884.67,0
2017-04-17,901.99,902.38,887.5,887.5,2854673
2017-04-18,903.78,909.61,900.78,900.99,2999238
2017-04-19,899.2,910.5,897.369,907.84,2870242
2017-04-20,902.06,905.32,896.29,899.7,2814441
2017-04-21,898.53,903.65,896.77,902.67,2420494
2017-04-24,907.41,909.99,903.82,908.68,3122893
2017-04-25,907.62,909.48,903.0,907.04,3378371
2017-04-26,909.29,915.749,907.56,910.3,2608948
2017-04-27,918.38,921.86,912.11,914.39,5305543
2017-04-28,924.99,949.59,924.3335,948.83,7364681
2017-05-01,948.23,954.4,927.8,927.8,5466544
2017-05-02,946.94,950.1,941.413,946.645,3848835
2017-05-03,941.03,946.0,935.9,946.0,3582686
2017-05-04,937.53,945.0,934.215,944.75,2418381
2017-05-05,934.15,940.79,930.3,940.52,2866397
2017-05-08,949.04,949.05,939.21,940.95,3415731
2017-05-09,952.82,957.89,950.2,952.8,3262113
2017-05-10,948.95,953.7499,945.0,953.5,2096512
2017-05-11,947.62,950.29,940.775,945.11,2194070
2017-05-12,961.35,962.79,951.53,954.5,3625857
2017-05-15,957.97,963.15,956.055,958.73,4270625
2017-05-16,966.07,970.06,960.91,961.0,3126051
2017-05-17,944.76,960.3957,944.12,954.7,5145578
2017-05-18,958.49,962.75,944.76,944.8,3939347
2017-05-19,959.84,968.92,959.72,962.84,3972089
2017-05-22,970.67,971.38,962.9,964.0,2642217
2017-05-23,971.54,975.2,966.85,975.02,2415594
2017-05-24,980.35,981.0,970.23,976.0,2463052
2017-05-25,993.38,999.0,982.11,984.85,4822032
2017-05-26,995.78,998.65,989.2491,995.0,3469154
2017-05-29,995.78,995.78,995.78,995.78,0
2017-05-30,996.7,1001.2,995.52,996.51,3263069
2017-05-31,994.62,1000.12,982.16,1000.0,3913115
2017-06-01,995.95,998.99,991.37,998.59,2454841
2017-06-02,1006.73,1008.48,995.67,998.99,3752328
2017-06-05,1011.34,1013.21,1003.51,1007.23,2719859
2017-06-06,1003.0,1016.5,1001.25,1012.0,3346432
2017-06-07,1010.07,1010.249,1002.0,1005.95,2823041
2017-06-08,1010.27,1013.61,1006.11,1012.06,2767857
2017-06-09,978.31,1012.99,927.0,1012.5,7647692
2017-06-12,964.91,975.95,945.0,967.0,9447233
2017-06-13,980.79,984.5,966.1,977.99,4580011
2017-06-14,976.47,990.34,966.71,988.59,3974900
2017-06-15,964.17,965.73,950.86,958.7,5373865
2017-06-16,987.71,999.75,982.0,996.0,11472662
2017-06-19,995.17,1017.0,989.9,1017.0,5043408
2017-06-20,992.59,1004.88,992.02,998.0,4076828
2017-06-21,1002.23,1002.72,992.6518,998.7,2922473
2017-06-22,1001.3,1006.9599,997.2,1002.23,2253433
2017-06-23,1003.74,1004.62,998.02,1002.54,2879145
2017-06-26,993.98,1009.8,992.0,1008.5,3386157
2017-06-27,976.78,998.8,976.0,990.69,3782389
2017-06-28,990.33,990.68,969.21,978.55,3737567
2017-06-29,975.93,987.56,965.25,979.0,4302968
2017-06-30,968.0,983.47,967.61,980.12,3390345
2017-07-03,953.66,974.49,951.0001,972.79,2909108
2017-07-04,953.66,953.66,953.66,953.66,0
2017-07-05,971.4,975.0,955.25,961.53,3652955
2017-07-06,965.14,974.4,959.02,964.66,3259613
2017-07-07,978.76,980.11,969.14,969.55,2643387
2017-07-10,996.47,999.4392,983.5,985.0,3546268
2017-07-11,994.13,995.99,983.72,993.0,2982726
2017-07-12,1006.51,1008.55,998.1,1000.65,3608574
2017-07-13,1000.63,1006.88,995.9,1004.62,2880769
2017-07-14,1001.81,1004.45,996.89,1002.4,2102469
2017-07-17,1010.04,1014.75,1003.81,1004.69,3712587
2017-07-18,1024.45,1026.03,1004.0,1006.0,4007624
2017-07-19,1026.87,1031.59,1022.5,1025.0,2963964
2017-07-20,1028.7,1034.97,1022.515,1031.59,3097487
2017-07-21,1025.67,1026.1,1011.0,1021.28,2734577
2017-07-24,1038.95,1043.01,1027.4279,1028.34,3288020
2017-07-25,1039.87,1043.3346,1032.48,1038.05,2447629
2017-07-26,1052.8,1053.2,1043.2,1043.2,2921253
2017-07-27,1046.0,1083.31,1040.18,1069.55,10991715
2017-07-28,1020.04,1032.85,1001.0,1012.14,7709420
2017-07-31,987.78,1019.05,987.02,1019.05,7352063
2017-08-01,996.19,1006.4,991.58,996.11,4572576
2017-08-02,995.89,1003.21,981.73,1001.77,4069993
2017-08-03,986.92,999.5,984.59,999.47,3255764
2017-08-04,987.58,991.672,982.0,989.68,2730308
2017-08-07,992.27,995.0,987.14,990.65,2676607
2017-08-08,989.84,996.28,985.79,994.35,2902815
2017-08-09,982.01,988.0,975.27,982.6,3569731
2017-08-10,956.92,979.86,954.68,976.295,5684068
2017-08-11,967.99,970.39,951.38,960.0,3468017
2017-08-14,983.3,985.5,976.19,978.41,3172892
2017-08-15,982.74,991.74,982.0,988.9,2549295
2017-08-16,978.18,986.4605,973.22,981.65,3132066
2017-08-17,960.57,977.84,960.32,977.84,3512397
2017-08-18,958.47,965.43,954.65,961.4,3284821
2017-08-21,953.29,961.2,945.46,957.57,3164483
2017-08-22,966.9,967.93,955.495,955.52,2749970
2017-08-23,958.0,962.0,954.2,959.38,2668264
2017-08-24,952.45,959.0,941.14,957.42,5195726
2017-08-25,945.26,957.621,944.1,956.0,3324791
2017-08-28,946.02,953.0,942.25,946.54,2596737
2017-08-29,954.06,956.0,936.33,940.0,2874299
2017-08-30,967.59,969.41,956.9062,958.44,2904604
2017-08-31,980.6,981.0,972.76,974.7,3331488
2017-09-01,978.25,984.5,976.875,984.2,2535917
2017-09-04,978.25,978.25,978.25,978.25,0
2017-09-05,965.27,976.7699,960.37,975.4,2998649
2017-09-06,967.8,971.84,960.6,968.32,2129861
2017-09-07,979.47,980.59,972.55,974.0,2566794
2017-09-08,965.9,979.88,963.47,979.1,2605322
2017-09-11,977.96,981.94,974.22,974.46,2186666
2017-09-12,982.58,984.6718,975.517,983.27,2481066
2017-09-13,999.6,1000.0,979.42,983.97,3374650
2017-09-14,992.21,998.56,987.74,996.8,3913263
2017-09-15,986.79,996.25,984.03,993.01,3760183
2017-09-18,974.19,992.7922,968.17,990.4,3411324
2017-09-19,969.86,978.24,967.46,977.25,2671054
2017-09-20,973.21,974.81,962.1626,971.79,2888795
2017-09-21,964.65,971.7,962.02,971.31,2337576
2017-09-22,955.1,965.61,954.42,961.01,2641787
2017-09-25,939.79,949.42,932.89,949.31,5123997
2017-09-26,938.6,948.63,931.75,945.49,3564848
2017-09-27,950.87,955.3,943.3,948.0,3148933
2017-09-28,956.4,959.7,950.101,951.86,2522567
2017-09-29,961.35,964.83,958.375,960.11,2543759
2017-10-02,959.19,967.305,952.1201,964.0,2442937
2017-10-03,957.1,963.69,950.37,958.0,2666574
2017-10-04,965.45,967.79,954.05,954.21,2527352
2017-10-05,980.85,981.51,969.64,970.0,3229224
2017-10-06,989.58,995.75,975.64,975.64,3782067
2017-10-09,990.99,998.5,987.5,993.24,2938586
2017-10-10,987.2,997.95,980.099,996.67,3084921
2017-10-11,995.0,995.5,986.695,991.27,2337113
2017-10-12,1000.93,1008.44,992.4,996.81,4067317
2017-10-13,1002.94,1007.77,1001.03,1007.0,2431462
2017-10-16,1006.34,1009.5717,1001.04,1008.44,2008908
2017-10-17,1009.13,1011.4699,1004.38,1005.59,2319742
2017-10-18,997.0,1022.31,996.55,1009.27,2499681
2017-10-19,986.61,991.05,980.24,990.0,3108197
2017-10-20,982.91,994.62,982.0,993.53,2365122
2017-10-23,966.3,986.775,962.5,986.73,3494100
2017-10-24,975.9,979.85,965.0,969.0,2723935
2017-10-25,972.91,984.44,966.24,978.0,3033113
2017-10-26,972.43,982.9,968.55,980.33,5618675
2017-10-27,1100.95,1105.58,1050.55,1058.14,16565021
2017-10-30,1110.85,1122.79,1093.56,1095.01,6613064
2017-10-31,1105.28,1110.54,1101.1201,1109.0,3476967
2017-11-01,1103.68,1108.97,1096.74,1105.4,3755511
2017-11-02,1094.22,1101.935,1086.8691,1097.81,3684876
2017-11-03,1111.6,1112.68,1088.52,1091.15,3751480
2017-11-06,1120.66,1125.41,1108.77,1109.15,3381138
2017-11-07,1123.17,1130.6,1117.5,1124.74,2688977
2017-11-08,1132.88,1135.54,1119.11,1122.82,2581451
2017-11-09,1129.13,1129.6209,1115.77,1125.96,3732732
2017-11-10,1125.35,1131.75,1124.06,1126.1,2179937
2017-11-13,1129.17,1139.9,1122.34,1123.0,2918439
2017-11-14,1136.84,1138.0,1123.89,1130.11,3138423
2017-11-15,1126.69,1131.75,1121.63,1127.01,3928680
2017-11-16,1137.29,1138.16,1130.05,1130.16,2213322
2017-11-17,1129.88,1138.8,1125.8101,1138.28,2413388
2017-11-20,1126.31,1133.42,1122.55,1129.77,2163855
2017-11-21,1139.49,1140.0,1128.2,1132.86,2479397
2017-11-22,1156.16,1160.27,1141.0,1141.0,3555273
2017-11-23,1156.16,1156.16,1156.16,1156.16,0
2017-11-24,1186.0,1186.84,1160.7,1160.7,3528011
2017-11-27,1195.83,1213.41,1191.15,1202.66,6744045
2017-11-28,1193.6,1205.34,1188.521,1204.88,4559449
2017-11-29,1161.27,1194.8,1145.19,1194.8,9257512
2017-11-30,1176.75,1178.5701,1160.0,1167.1,4509208
2017-12-01,1162.35,1179.65,1152.0,1172.05,4107094
2017-12-04,1133.95,1175.2,1128.0,1173.85,5931915
2017-12-05,1141.57,1159.27,1124.74,1128.26,4079773
2017-12-06,1152.35,1155.89,1136.08,1137.99,2853316
2017-12-07,1159.79,1163.19,1151.0,1156.59,2511569
2017-12-08,1162.0,1172.79,1157.1,1170.4,3050074
2017-12-11,1168.92,1169.9,1157.0,1164.6,2363473
2017-12-12,1165.08,1173.6,1161.61,1166.51,2235892
2017-12-13,1164.13,1170.87,1160.27,1170.0,2616760
2017-12-14,1174.26,1177.93,1162.45,1163.71,3214337
2017-12-15,1179.14,1182.75,1169.33,1179.03,4778621
2017-12-18,1190.58,1194.78,1180.91,1187.37,2947625
2017-12-19,1187.38,1192.97,1179.1401,1189.15,2587792
2017-12-20,1177.62,1191.0,1176.0,1190.5,2371166
2017-12-21,1174.76,1179.17,1167.64,1175.9,2123117
2017-12-22,1168.36,1174.6199,1167.8301,1172.08,1585054
2017-12-25,1168.36,1168.36,1168.36,1168.36,0
2017-12-26,1176.76,1178.32,1160.55,1168.36,2005186
2017-12-27,1182.26,1187.29,1175.61,1179.91,1867208
2017-12-28,1186.1,1190.1,1184.38,1189.0,1841676
2017-12-29,1169.47,1184.0,1167.5,1182.35,2688391
2018-01-01,1169.47,1169.47,1169.47,1169.47,0
2018-01-02,1189.01,1190.0,1170.51,1172.0,2694494
2018-01-03,1204.2,1205.49,1188.3,1188.3,3108793
2018-01-04,1209.59,1215.8699,1204.66,1205.0,3022089
2018-01-05,1229.14,1229.14,1210.0,1217.51,3544743
2018-01-08,1246.87,1253.079,1232.03,1236.0,4279475
2018-01-09,1252.7,1259.33,1241.76,1256.9,3661316
2018-01-10,1254.33,1254.33,1237.23,1245.15,2686017
2018-01-11,1276.68,1276.77,1256.46,1259.74,3125048
2018-01-12,1305.2,1305.76,1273.3925,1273.3925,5443730
2018-01-15,1305.2,1305.2,1305.2,1305.2,0
2018-01-16,1304.86,1339.94,1292.3,1323.0,7220701
2018-01-17,1295.0,1314.0,1280.88,1312.24,5253754
2018-01-18,1293.32,1304.6,1284.02,1293.95,4026915
2018-01-19,1294.58,1313.0,1292.99,1312.0,4578536
2018-01-22,1327.31,1327.45,1296.6636,1297.17,4140061
2018-01-23,1362.54,1364.9,1337.34,1338.09,5169306
2018-01-24,1357.51,1388.16,1338.0,1374.82,6807457
2018-01-25,1377.95,1378.34,1357.62,1368.0,4753012
2018-01-26,1402.05,1402.53,1380.91,1392.01,4857310
2018-01-29,1417.68,1431.39,1400.44,1409.18,5701898
2018-01-30,1437.82,1439.25,1392.0,1403.17,5871942
2018-01-31,1450.89,1472.58,1450.04,1451.3,6424693
2018-02-01,1390.0,1459.8799,1385.1419,1445.0,9113808
2018-02-02,1429.95,1498.0,1414.0,1477.39,11125722
2018-02-05,1390.0,1458.98,1320.72,1402.62,11494985
2018-02-06,1442.84,1443.99,1351.79,1361.46,11066819
2018-02-07,1416.78,1460.99,1415.15,1449.0,7162741
2018-02-08,1350.5,1433.7522,1349.94,1429.675,8578557
2018-02-09,1339.6,1383.5,1265.93,1373.49,14141524
2018-02-12,1386.23,1393.81,1344.01,1364.67,6738944
2018-02-13,1414.51,1419.72,1383.53,1385.93,5917879
2018-02-14,1451.05,1452.06,1403.36,1406.25,5959209
2018-02-15,1461.76,1468.94,1436.8367,1466.89,5652736
2018-02-16,1448.69,1465.8,1446.56,1457.37,4472564
2018-02-19,1448.69,1448.69,1448.69,1448.69,0
2018-02-20,1468.35,1488.77,1446.49,1446.49,6499228
2018-02-21,1482.92,1503.49,1478.92,1485.0,6304351
2018-02-22,1485.34,1502.54,1475.76,1495.36,4858063
2018-02-23,1500.0,1500.0,1486.5,1495.34,4418103
2018-02-26,1521.95,1522.84,1507.0,1509.2,4954988
2018-02-27,1511.98,1526.78,1507.21,1524.5,4808776
2018-02-28,1512.45,1528.7,1512.0,1519.51,4515023
2018-03-01,1493.45,1518.49,1465.0,1513.6,6835230
2018-03-02,1500.25,1501.05,1455.0101,1469.1,6587564
2018-03-05,1523.61,1525.38,1481.0,1494.24,5233934
2018-03-06,1537.64,1542.13,1528.0,1533.2,4561718
2018-03-07,1545.0,1545.9,1522.51,1526.52,4174123
2018-03-08,1551.86,1554.88,1545.25,1550.0,3862615
2018-03-09,1578.89,1578.94,1559.08,1563.5,4534250
2018-03-12,1598.39,1605.33,1586.7,1592.6,5174211
2018-03-13,1588.18,1617.54,1578.01,1615.96,6531892
2018-03-14,1591.0,1606.444,1590.89,1597.0,4259443
2018-03-15,1582.32,1596.91,1578.11,1595.0,4069701
2018-03-16,1571.68,1589.44,1567.5,1583.45,5425012
2018-03-19,1544.93,1561.66,1525.35,1554.53,6580766
2018-03-20,1586.51,1587.0,1545.41,1550.34,4581568
2018-03-21,1581.86,1590.0,1563.17,1586.45,4750771
2018-03-22,1544.92,1573.85,1542.4,1565.47,6320551
2018-03-23,1495.56,1549.02,1495.36,1539.01,8006033
2018-03-26,1555.86,1556.99,1499.25,1530.0,5624700
2018-03-27,1497.05,1575.965,1482.32,1572.4,6999631
2018-03-28,1431.42,1455.9,1386.17,1447.0,13705317
2018-03-29,1447.34,1455.47,1365.2,1406.0,12581121
2018-03-30,1447.34,1447.34,1447.34,1447.34,0
2018-04-02,1371.99,1421.358,1355.0,1417.62,10463607
2018-04-03,1392.05,1414.0,1355.33,1391.38,10231212
2018-04-04,1410.57,1415.39,1352.88,1358.24,6982305
2018-04-05,1451.75,1459.5575,1427.07,1441.99,6413459
2018-04-06,1405.23,1452.502,1400.26,1429.97,5882257
2018-04-09,1406.08,1438.48,1402.571,1425.03,4208206
2018-04-10,1436.22,1438.38,1415.7,1431.99,4280144
2018-04-11,1427.05,1448.7758,1424.89,1439.44,3582533
2018-04-12,1448.5,1452.12,1435.06,1439.5,3135027
2018-04-13,1430.79,1459.7808,1424.52,1449.136,3685267
2018-04-16,1441.5,1447.0,1427.48,1445.0,2808624
2018-04-17,1503.83,1507.19,1457.0219,1462.295,5114403
2018-04-18,1527.84,1533.8,1504.11,1514.6501,5227509
2018-04-19,1556.91,1568.52,1539.06,1543.22,6523728
2018-04-20,1527.49,1561.1999,1516.093,1561.1999,5541622
2018-04-23,1517.86,1548.0,1503.4103,1546.6947,4465424
2018-04-24,1460.09,1539.5,1448.4475,1535.8,7494699
2018-04-25,1460.17,1469.99,1415.02,1458.0,6587290
2018-04-26,1517.96,1529.42,1478.5,1485.01,8801101
2018-04-27,1572.62,1638.1,1567.386,1634.01,13053241
2018-04-30,1566.13,1596.0,1560.941,1582.5,5464085
2018-05-01,1582.26,1585.0,1552.18,1563.22,4572071
2018-05-02,1569.68,1588.4992,1566.36,1580.98,4360273
2018-05-03,1572.075,1574.8,1546.02,1560.01,4251917
2018-05-04,1580.95,1584.9,1562.19,1562.45,3443567
